comp,ivar,ipft,R2,RMSE,slope,reMSE,dNRMSE,sNRMSE,iNRMSE,f_SB,f_SDSD,f_LSC,varname,pft,var,dim,alg
som,1,2,0.9999992279541342,0.02504133898869207,0.9999120279022036,5.757239864353233e-10,0.0001292839001196044,0.0008786614056676032,inf,0.0008059353736003375,0.009937294310869005,0.9892567703155306,carbon_02,PFT02,Active,asp,BaggingRegressor
som,1,3,0.9998895886449499,0.2954869396018786,0.9987569845335778,8.233508952281578e-08,0.0015091106739385874,0.010507680764569123,inf,0.0010068580853788596,0.012794904507460762,0.9861982374071604,carbon_03,PFT03,Active,asp,XGBRegressor
som,1,4,0.9999963923232256,0.04406931523463637,1.0003069769883235,2.6902884224151815e-09,0.00022080635354935108,0.001899388526462861,inf,0.0021581521296797222,0.0264197078509112,0.9714221400194091,carbon_04,PFT04,Active,asp,XGBRegressor
som,1,5,0.999999455430595,0.0226428739311541,0.999960682772968,4.060920245798454e-10,7.256017220843871e-05,0.0007379494596255036,inf,5.519391404145466e-05,0.002799584788220655,0.9971452212977379,carbon_05,PFT05,Active,asp,BaggingRegressor
som,1,6,0.9999565444969044,0.31292638550314833,0.9995135957283506,3.240529686475322e-08,0.0011777845134385055,0.006592078814428273,inf,0.00023276922346854138,0.004971277508156323,0.9947959532683752,carbon_06,PFT06,Active,asp,XGBRegressor
som,1,7,0.9999986797845796,0.05090231636731853,0.9999405051953155,9.84500686365944e-10,0.0002629224040493303,0.0011490062751859673,0.004815521118042052,1.9456231138466073e-06,0.0026220913179779435,0.9973759630589082,carbon_07,PFT07,Active,asp,BaggingRegressor
som,1,8,0.9999943438995592,0.12286233903403658,0.9998584578549077,4.217822849187146e-09,0.0007088492066304789,0.00237825575596065,0.0016184359283414652,6.379557489388313e-05,0.003402400633456171,0.9965338037916499,carbon_08,PFT08,Active,asp,BaggingRegressor
som,1,9,0.9999534309334791,0.13142949144299837,1.0013689214000767,3.472711895670829e-08,0.0015886494186765137,0.0068241531724416785,inf,0.006713981074085331,0.041553533396051896,0.9517324855298628,carbon_09,PFT09,Active,asp,XGBRegressor
som,1,10,0.9998686102452599,0.41204626048094734,0.999363381627164,9.797893716643147e-08,0.0023969008981832617,0.011462537011507732,inf,3.446356732593293e-07,0.002482232284364377,0.9975174230799625,carbon_10,PFT10,Active,asp,XGBRegressor
som,1,11,0.9999775998274296,0.2244812116324224,0.999783125648462,1.6704080962271364e-08,0.0008913171977924083,0.004732882057521179,inf,0.001118676044891133,0.0018890819501224739,0.9969922420049864,carbon_11,PFT11,Active,asp,XGBRegressor
som,1,12,0.9999993856769603,0.029623798084246523,1.0001250440949412,4.5810815786084425e-10,0.00018131025094377993,0.0007837876240994063,inf,0.003623460570008268,0.025573986613320814,0.9708025528166708,carbon_12,PFT12,Active,asp,BaggingRegressor
som,1,13,0.9999999993492645,0.00026834114358090103,1.0000064232246142,4.852613267685449e-13,2.590447835651513e-06,2.550951663980756e-05,inf,0.0010363238421362863,0.06340783444906996,0.9355558417087937,carbon_13,PFT13,Active,asp,XGBRegressor
som,1,14,0.9999892641276117,0.017706227142918963,1.0000642688742025,8.005870535672231e-09,0.00023408350660998744,0.0032765641132650627,inf,5.9279446009796135e-06,0.00045165805780277083,0.9995424139975961,carbon_14,PFT14,Active,asp,XGBRegressor
som,1,15,0.9996120765594378,0.7935076475295986,1.0002073530443951,2.892792248785261e-07,0.004775711134775567,0.01969577214942596,0.010069866710012487,9.622926997476286e-05,0.0004149632406927538,0.9994888074893323,carbon_15,PFT15,Active,asp,XGBRegressor
som,2,2,0.9999624711060646,4.951010505303847,1.0004115172495556,2.7985752375356454e-08,0.0009124633047352523,0.006126083082635511,inf,0.00019668594765274528,0.0049311217144362585,0.994872192337911,carbon_02,PFT02,Passive,asp,XGBRegressor
som,2,3,0.999904455061809,7.546627441015554,0.9994390723658696,7.124902176806235e-08,0.0016663965982773674,0.009774709110299477,inf,0.0013583425325031896,0.0027581795287301564,0.9958834779387667,carbon_03,PFT03,Passive,asp,XGBRegressor
som,2,4,0.9999919193105862,1.8322163057888972,1.0000786187224404,6.025868317564809e-09,0.0003258430295227736,0.002842655345597565,inf,0.0004903168143540553,0.0008454265300212777,0.9986642566556246,carbon_04,PFT04,Passive,asp,XGBRegressor
som,2,5,0.9999999166952014,0.24585278197499458,1.0000152652583603,6.21214009182265e-11,3.0443494495293027e-05,0.000288625706809601,inf,0.0011706450463072405,0.0028125203065117806,0.996016834647181,carbon_05,PFT05,Passive,asp,BaggingRegressor
som,2,6,0.9999994384560946,0.9707957903641068,1.000034350301151,4.1875011588564e-10,0.00013158145132457927,0.0007493623325218871,inf,0.0003309778318445264,0.00213565358790578,0.9975333685802497,carbon_06,PFT06,Passive,asp,BaggingRegressor
som,2,7,0.9999981468554141,1.603952792973683,0.9998982702193863,1.381912442902872e-09,0.00031292508188756284,0.0013613025328459325,0.0063398685721809565,0.0009253325318754866,0.005483913228406603,0.993590754239718,carbon_07,PFT07,Passive,asp,BaggingRegressor
som,2,8,0.9998666849041633,14.55969612297375,0.9995415045269156,9.941468742485223e-08,0.003378580416595498,0.011546215650018272,0.007911779762983377,0.00022930094590695003,0.0011522261241453213,0.9986184729299477,carbon_08,PFT08,Passive,asp,XGBRegressor
som,2,9,0.9999973399885886,0.776794962324366,1.0000159669491862,1.9836028421654636e-09,0.00039729378660509465,0.0016309541413981837,inf,0.00012256109864587148,0.00011247088395841653,0.9997649680173957,carbon_09,PFT09,Passive,asp,BaggingRegressor
som,2,10,0.9999982777087978,1.2354932727280643,0.9998711560183362,1.284333484156584e-09,0.0002679021157176659,0.0013123609268238595,inf,0.00012982983393300203,0.009511592216175696,0.9903585779498912,carbon_10,PFT10,Passive,asp,BaggingRegressor
som,2,11,0.9999994873258339,0.9797468796354905,0.9999334584911697,3.823073572904672e-10,0.0001364012541410512,0.0007160126857301597,inf,0.00019236010025833604,0.008570788395985775,0.9912368515037558,carbon_11,PFT11,Passive,asp,BaggingRegressor
som,2,12,0.9999192682065741,8.666736771045345,1.0006549630485113,6.020267966141848e-08,0.002057966697410043,0.008985087279818832,inf,0.0006134717708763202,0.005984161051791998,0.9934023671773317,carbon_12,PFT12,Passive,asp,XGBRegressor
som,2,13,0.9999999695426711,0.05274115594820141,1.0000097866432989,2.2712400369386273e-11,1.6525302726009684e-05,0.00017452028218905387,inf,5.174659651265766e-05,0.0031544373795336896,0.9967938160239536,carbon_13,PFT13,Passive,asp,XGBRegressor
som,2,14,0.999999969349563,0.025763687604531474,0.9999753733430953,2.2856403395352144e-11,1.2242284451159263e-05,0.0001750726619240344,inf,0.0015740417531894934,0.019762646251786222,0.9786633119950243,carbon_14,PFT14,Passive,asp,BaggingRegressor
som,2,15,0.9999606894054826,6.500072567084924,1.0000386785380386,2.9314388156186227e-08,0.001590197053602202,0.006269816147021039,0.0031832461616895878,0.0018063549967344916,8.645245125709635e-05,0.9981071925520084,carbon_15,PFT15,Passive,asp,BaggingRegressor
som,3,2,0.9999793747633902,2.624824392250186,0.9998589533414732,1.5380489641936135e-08,0.0008068924637814928,0.004541501580957157,inf,0.00018465240197879324,0.0008287964104492605,0.998986551187572,carbon_02,PFT02,Slow,asp,XGBRegressor
som,3,3,0.9999883856840808,1.7870959599550127,0.9994521451350452,8.660936554258099e-09,0.0006083434146737223,0.0034079782744700876,inf,0.0014644432382767514,0.025312236711071957,0.9732233200506514,carbon_03,PFT03,Slow,asp,XGBRegressor
som,3,4,0.9999913945832823,0.7163499311105777,0.9998361203922947,6.417163846093491e-09,0.00043345147488193657,0.0029334990570326373,inf,4.150616779515246e-05,0.0029596368259258207,0.996998857006279,carbon_04,PFT04,Slow,asp,XGBRegressor
som,3,5,0.9999928015865226,1.0027581460999138,0.9998229844327265,5.3679444276095445e-09,0.00037699071990245943,0.002682985925685112,inf,0.0007131213593339586,0.004178606988986973,0.9951082716516791,carbon_05,PFT05,Slow,asp,XGBRegressor
som,3,6,0.9999732090989283,2.8980883004786575,1.0005550291561387,1.9978300575482848e-08,0.0007933746586774004,0.0051759927619464945,inf,0.0035709831414435637,0.01205143002864765,0.9843775868299088,carbon_06,PFT06,Slow,asp,XGBRegressor
som,3,7,0.9999504850754807,1.9965582478399406,1.000501495830078,3.6923881073279565e-08,0.0017271455171308432,0.007036684199199784,0.03197564590813898,0.0013333941238630857,0.005589469599087576,0.9930771362770494,carbon_07,PFT07,Slow,asp,XGBRegressor
som,3,8,0.9999515562041768,2.3482271989298265,0.9994625830176755,3.6125127384990733e-08,0.0017628394087643535,0.0069601577441371675,0.00715075227247887,0.0016121148321222869,0.005440212685812006,0.9929476724820657,carbon_08,PFT08,Slow,asp,XGBRegressor
som,3,9,0.9999715007390574,0.4126084519757629,1.00116787829426,2.1252245296517488e-08,0.001271856647463523,0.005338469906502232,inf,0.0077635649933295425,0.048966738321657426,0.9432696966850131,carbon_09,PFT09,Slow,asp,XGBRegressor
som,3,10,0.999997619850964,0.5386992575096475,0.9998057595729417,1.7749060670570979e-09,0.0002479258514225983,0.0015427731641182928,inf,0.0006284579477336093,0.015661172191136823,0.9837103698611295,carbon_10,PFT10,Slow,asp,BaggingRegressor
som,3,11,0.9999967353558306,1.6538645951115443,1.0000009259391396,2.4344848392245336e-09,0.00028818878549059513,0.001806832634584648,inf,0.0003371074047778635,2.0038534926956426e-06,0.9996608887417295,carbon_11,PFT11,Slow,asp,BaggingRegressor
som,3,12,0.9999223156553871,3.6063813965696165,0.99986380270305,5.793016003939677e-08,0.0019053736033525044,0.008813872282534566,inf,0.00013975170667921615,0.00012203231307252414,0.9997382159802483,carbon_12,PFT12,Slow,asp,XGBRegressor
som,3,13,0.9999996462603186,0.11977400721057851,0.9998350241767741,2.6378798021130104e-10,4.8656395832954775e-05,0.0005947601881963476,inf,0.0013032124454826024,0.07678880572102297,0.9219079818334945,carbon_13,PFT13,Slow,asp,BaggingRegressor
som,3,14,0.9999406075521199,0.7918362030482413,1.000853071126898,4.4289670305860906e-08,0.0005721217289243997,0.0077066495885150695,inf,0.0010456865469251953,0.013108337990655021,0.9858459754624198,carbon_14,PFT14,Slow,asp,XGBRegressor
som,3,15,0.9999962862853712,0.4405890792916321,0.9998617697109008,2.7693621392991423e-09,0.0006080973981554777,0.0019271000567692767,0.0009921613843851095,6.846336548213028e-05,0.005008538916587997,0.9949229977179298,carbon_15,PFT15,Slow,asp,BaggingRegressor
biomass,1,2,0.9999999033141475,0.03485823765612548,1.0000253670951718,7.209981551149342e-11,7.60998553160574e-05,0.00031094348779305974,inf,0.000599069430329535,0.006680673417812376,0.992720257151858,biomass_01,PFT02,Leaf,pft,BaggingRegressor
biomass,1,3,0.999250587402394,0.9752012063364097,0.9961843938113825,5.588460832259044e-07,0.005063176626824275,0.027375401323194107,inf,0.0006941663960570207,0.0158557610033828,0.9834500726005602,biomass_01,PFT03,Leaf,pft,BaggingRegressor
biomass,1,4,0.9999996205712846,0.0487372160318597,0.9999905188423484,2.8294460510581005e-10,9.52059119527657e-05,0.0006159778530490292,inf,0.00017572658627698808,0.00022753243641665378,0.9995967409773064,biomass_01,PFT04,Leaf,pft,XGBRegressor
biomass,1,5,0.9999992266359514,0.04092437290804821,1.000148131752796,5.767069713271575e-10,0.0002042298952426091,0.0008794111942372114,inf,0.0022299565844605615,0.02851722171347357,0.9692528217020658,biomass_01,PFT05,Leaf,pft,XGBRegressor
biomass,1,6,0.999998985651794,0.01964913368495591,0.9999581301935887,7.564117867516637e-10,0.00010220719615163621,0.0010071485521182966,inf,0.000175136951641209,0.0016867437233437955,0.9981381193250151,biomass_01,PFT06,Leaf,pft,BaggingRegressor
biomass,1,7,0.999982739519659,0.43427808073441476,1.000320801924373,1.2871349993297869e-08,0.0011495866337499921,0.004154573424674601,0.026050154190268564,0.0019240190185853146,0.0062848123113698655,0.9917911686700449,biomass_01,PFT07,Leaf,pft,XGBRegressor
biomass,1,8,1.0,5.554197392346683e-14,1.0000000000001446,1.5633234938974542e-29,3.952414078213072e-15,1.447900827168935e-13,inf,0.0007457121551081283,0.9988904197097691,0.00036386813512278475,biomass_01,PFT08,Leaf,pft,BaggingRegressor
biomass,1,9,1.0,0.0,1.0,,,,,,,,biomass_01,PFT09,Leaf,pft,NoneType
biomass,1,10,0.9999867312305544,0.023262762243662846,0.9999641880246751,9.894682658919595e-09,0.00025766949409663045,0.0036426322138820412,inf,2.048753556456008e-06,6.416250059479753e-05,0.9999337887458488,biomass_01,PFT10,Leaf,pft,BaggingRegressor
biomass,1,11,0.9999860292560886,0.06974318626177886,0.9997176749428386,1.041815355066342e-08,0.0008792787742447963,0.0037377458329104787,inf,0.00026013683400933214,0.005428044851213451,0.9943118183147772,biomass_01,PFT11,Leaf,pft,XGBRegressor
biomass,1,12,0.9999992201831062,0.008901114747476352,0.9999339677780463,5.81518936506661e-10,9.101259110199625e-05,0.000883072417107132,inf,0.00016423563834392347,0.005525918500112697,0.9943098458615434,biomass_01,PFT12,Leaf,pft,BaggingRegressor
biomass,1,13,0.9999999999974979,9.310082320152528e-06,0.9999996688561149,1.8658250879930186e-15,8.99332279139405e-08,1.5817937422428494e-06,inf,0.0004128142450055858,0.04382587413002565,0.9557613116249687,biomass_01,PFT13,Leaf,pft,XGBRegressor
biomass,1,14,0.9999960929548709,0.005665791213857572,0.9999902817840427,2.9135310433151902e-09,7.862076155291284e-05,0.001976624680885491,inf,0.0007369900726040475,1.5437060494745272e-05,0.9992475728669011,biomass_01,PFT14,Leaf,pft,XGBRegressor
biomass,1,15,0.9966376795033075,0.042907453308891896,0.9990105555435905,2.5073232637528123e-06,0.003578714950319267,0.05798551971563695,3.9872070962098745,6.463283799117852e-05,0.00014216072020990997,0.9997932064417988,biomass_01,PFT15,Leaf,pft,XGBRegressor
biomass,2,2,0.9999862710338504,0.6092650127144049,0.9998135791634059,1.0237856934790675e-08,0.0006748149066117604,0.003705261954242142,inf,0.0005806890412109605,0.002348880891144669,0.9970704300676444,biomass_02,PFT02,SapAB,pft,XGBRegressor
biomass,2,3,0.9999998841551173,0.0384265457620955,0.9999603888100987,8.638693716105188e-11,5.1368057704822176e-05,0.0003403599311507901,inf,0.0001829088078970153,0.013505332740808956,0.9863117584512939,biomass_02,PFT03,SapAB,pft,BaggingRegressor
biomass,2,4,0.9999523011511449,0.33798752770073187,1.0011667223054925,3.556961137590037e-08,0.0009847555952331452,0.0069064353218634,inf,0.0007422892191054692,0.029680671923476256,0.9695770388574183,biomass_02,PFT04,SapAB,pft,XGBRegressor
biomass,2,5,0.9999843177657194,0.456352877936411,0.9999078844586989,1.169443272233676e-08,0.0005041182698827234,0.0039600800851313095,inf,1.1511699678370553e-10,0.0004529186999664797,0.9995470811849166,biomass_02,PFT05,SapAB,pft,XGBRegressor
biomass,2,6,0.9999997875196815,0.05398799175946374,0.9999958428127874,1.5844915617415415e-10,6.667590456468667e-05,0.00046095587470986935,inf,0.00017059352488158568,7.723249616322235e-05,0.9997521739789552,biomass_02,PFT06,SapAB,pft,BaggingRegressor
biomass,2,7,0.9999944189084742,0.11280274406182933,1.0000122049599267,4.161887789571156e-09,0.00045890439774497107,0.0023624333907678583,0.030468025581188697,0.00018873088447781487,4.028710571915508e-05,0.9997709820098031,biomass_02,PFT07,SapAB,pft,BaggingRegressor
biomass,2,8,0.99999597190523,0.09121358085247974,0.9999851569578172,3.0037992318771114e-09,0.00036553276266600236,0.002007011402545388,0.005162667149351945,0.000287701336886642,4.0863012529060056e-05,0.9996714356505844,biomass_02,PFT08,SapAB,pft,BaggingRegressor
biomass,2,9,0.9999811033402085,0.015443686997417506,1.0002022372705512,1.4091468897496729e-08,0.0006509883058474035,0.004347028846412583,inf,0.0013544434391883353,0.0023705720770775115,0.9962749844837342,biomass_02,PFT09,SapAB,pft,XGBRegressor
biomass,2,10,0.9999893975266521,0.017218517082435294,1.000044052939664,7.906393249764098e-09,0.00019380425010614145,0.0032561439384544504,inf,0.0008922438040400122,0.00022968675304795616,0.998878069442912,biomass_02,PFT10,SapAB,pft,BaggingRegressor
biomass,2,11,0.999995881486968,0.10266068663771959,0.999916469219615,3.071225228862202e-09,0.0002576380387848413,0.002029411991662662,inf,0.000461074663757421,0.001611820749583816,0.9979271045866587,biomass_02,PFT11,SapAB,pft,BaggingRegressor
biomass,2,12,0.9998862431417292,0.13320541620396653,1.0003466192311858,8.482987193937477e-08,0.0009458008660785679,0.010665686019694259,inf,0.003239392605877107,0.0014293303943486268,0.9953312769997742,biomass_02,PFT12,SapAB,pft,XGBRegressor
biomass,2,13,0.9999999999387568,0.00011477585636368741,0.9999998847903698,4.566980791423163e-14,4.1145296799035633e-07,7.82580426620706e-06,inf,1.8322775826209095e-05,0.00021661504658143825,0.9997650621775923,biomass_02,PFT13,SapAB,pft,XGBRegressor
biomass,2,14,0.9999928554268437,0.005869454701545799,0.9999103207983275,5.327795045693391e-09,0.00014432568122357917,0.0026729334365589497,inf,0.00011336866135713512,0.001037865932508115,0.9988487654061348,biomass_02,PFT14,SapAB,pft,XGBRegressor
biomass,2,15,0.9996661912166226,0.0054019795225239845,0.998866097684445,2.489252672464e-07,0.0012142205105314717,0.01827043467948758,1.350092365067731,0.0009842025928560344,0.0028049246539363863,0.9962108727532076,biomass_02,PFT15,SapAB,pft,BaggingRegressor
biomass,3,2,0.9999940206342045,0.10146193612757831,0.9999578191779537,4.458885753519385e-09,0.0004452794769685657,0.002445274175929868,inf,0.00011600068824668321,0.00025688891158931395,0.999627110400164,biomass_03,PFT02,SapBE,pft,XGBRegressor
biomass,3,3,0.9999998205443832,0.012070468033767672,0.9999504623432196,1.3382223476378941e-10,6.39492529978779e-05,0.0004236220211677405,inf,2.1667091499705857e-05,0.013625757878581536,0.9863525750299188,biomass_03,PFT03,SapBE,pft,BaggingRegressor
biomass,3,4,0.9999987285067262,0.013904567842356098,0.9997318304714964,9.481679893675764e-10,0.00016119415135318202,0.0011276051054078815,inf,0.0019382615484924495,0.056307131523390154,0.9417546069281174,biomass_03,PFT04,SapBE,pft,XGBRegressor
biomass,3,5,0.9999796575304183,0.1301853000814602,0.9993398084029467,1.5169626832013388e-08,0.0005745077138600221,0.004510262695423622,inf,0.0013081722052446633,0.020785021153934186,0.977906806640821,biomass_03,PFT05,SapBE,pft,XGBRegressor
biomass,3,6,0.9999998571854725,0.011182857328771287,0.9999861833090355,1.0649852912058969e-10,5.516794159918798e-05,0.0003779080940529202,inf,0.0015011063218647337,0.0013229632235761937,0.997175930454559,biomass_03,PFT06,SapBE,pft,BaggingRegressor
biomass,3,7,0.9998414945540295,0.15092334473029506,1.0015978646504662,1.181994377110874e-07,0.00245873626659164,0.012589894597277936,0.16206319695603144,0.0022429698704395464,0.017711823973613303,0.9800452061559471,biomass_03,PFT07,SapBE,pft,XGBRegressor
biomass,3,8,0.9999717841596617,0.06082084820861648,0.9996939441420735,2.104089510683876e-08,0.0009697593789489632,0.0053118584636895946,0.013230602332520065,0.001057018666085949,0.0030219621846475204,0.9959210191492666,biomass_03,PFT08,SapBE,pft,XGBRegressor
biomass,3,9,0.9999991646711031,0.0008309047581159168,1.0000100105199905,6.229149119660971e-10,0.00013847019051737254,0.0009139632908090655,inf,0.0009250242138567265,0.00013017368315278245,0.9989448021029905,biomass_03,PFT09,SapBE,pft,BaggingRegressor
biomass,3,10,1.0,0.0,1.0,,,,,,,,biomass_03,PFT10,SapBE,pft,NoneType
biomass,3,11,1.0,0.0,1.0,,,,,,,,biomass_03,PFT11,SapBE,pft,NoneType
biomass,3,12,1.0,0.0,1.0,,,,,,,,biomass_03,PFT12,SapBE,pft,NoneType
biomass,3,13,1.0,0.0,1.0,,,,,,,,biomass_03,PFT13,SapBE,pft,NoneType
biomass,3,14,1.0,0.0,1.0,,,,,,,,biomass_03,PFT14,SapBE,pft,NoneType
biomass,3,15,1.0,0.0,1.0,,,,,,,,biomass_03,PFT15,SapBE,pft,NoneType
biomass,4,2,0.9999595425485854,15.563374224607227,0.9988383912277956,3.016961328456176e-08,0.001143062492418746,0.006360617219625571,inf,0.0030826048074869316,0.03224078668643714,0.9646766085060758,biomass_04,PFT02,HeartAB,pft,XGBRegressor
biomass,4,3,0.999997684633609,2.5790323574753145,1.0001533146759813,1.7265968612574451e-09,0.0002311199797708339,0.001521632804242283,inf,0.002370424959257782,0.01030384520461075,0.9873257298361314,biomass_04,PFT03,HeartAB,pft,BaggingRegressor
biomass,4,4,0.9998704535770294,10.54739430390642,1.002051587588845,9.660434225998172e-08,0.0015916246596280209,0.011381846202204435,inf,0.0009647318504044566,0.034499333413511475,0.9645359347360841,biomass_04,PFT04,HeartAB,pft,XGBRegressor
biomass,4,5,0.999984021079979,9.112148353350229,0.9999411183110531,1.1915674885162447e-08,0.0004994046169588083,0.003997364134151759,inf,7.861225346531663e-05,0.00016210198911223098,0.9997592857574225,biomass_04,PFT05,HeartAB,pft,XGBRegressor
biomass,4,6,0.9999997978859358,0.9847525754175688,1.0000155396441248,1.507189143443175e-10,5.87622525744827e-05,0.0004495709778619276,inf,0.001258367453911625,0.001210325119098283,0.9975313074269901,biomass_04,PFT06,HeartAB,pft,BaggingRegressor
biomass,4,7,0.9997180824193028,26.572703933524064,1.000059799513915,2.1022936666459245e-07,0.002936858087556694,0.016790401445385947,0.5731361437442895,8.536491374115953e-07,0.00014293453788934133,0.9998562118129732,biomass_04,PFT07,HeartAB,pft,XGBRegressor
biomass,4,8,0.9998561190281348,17.21299641210495,0.9992921406978259,1.0729378960868292e-07,0.0020397333838579252,0.011995039469099042,0.03228064636940401,1.713779987708772e-05,0.0028124057733755026,0.9971704564267474,biomass_04,PFT08,HeartAB,pft,XGBRegressor
biomass,4,9,0.9998978883152222,1.2061874764910259,0.9997067990914558,7.614592451734307e-08,0.0018423825167262148,0.010105032646051029,inf,5.628378688968409e-05,0.0005743694040208275,0.9993693468090896,biomass_04,PFT09,HeartAB,pft,XGBRegressor
biomass,4,10,1.0,0.0,1.0,,,,,,,,biomass_04,PFT10,HeartAB,pft,NoneType
biomass,4,11,1.0,0.0,1.0,,,,,,,,biomass_04,PFT11,HeartAB,pft,NoneType
biomass,4,12,1.0,0.0,1.0,,,,,,,,biomass_04,PFT12,HeartAB,pft,NoneType
biomass,4,13,1.0,0.0,1.0,,,,,,,,biomass_04,PFT13,HeartAB,pft,NoneType
biomass,4,14,1.0,0.0,1.0,,,,,,,,biomass_04,PFT14,HeartAB,pft,NoneType
biomass,4,15,1.0,0.0,1.0,,,,,,,,biomass_04,PFT15,HeartAB,pft,NoneType
biomass,5,2,0.9999805927135498,2.727413090597332,0.9997889124608302,1.4472249403587981e-08,0.0007920347316753224,0.004405370183107373,inf,0.00039822038811697825,0.00209020461369113,0.9975115749981919,biomass_05,PFT02,HeartBE,pft,XGBRegressor
biomass,5,3,0.9999976553132842,0.6570603021963043,1.0001354118471883,1.7484613838706162e-09,0.00023318046542281415,0.0015312369887677403,inf,0.0017059089939239053,0.007955070163208846,0.9903390208428673,biomass_05,PFT03,HeartBE,pft,BaggingRegressor
biomass,5,4,0.9999904756522799,0.7582486041093461,0.9997858719880328,7.102421864342323e-09,0.000444176286306836,0.0030861541957723135,inf,0.00016851597297671875,0.00460331472006689,0.9952281693069563,biomass_05,PFT04,HeartBE,pft,XGBRegressor
biomass,5,5,0.9999811164994009,2.519571516040443,0.9999938947880997,1.4081655927690077e-08,0.0005513430415569645,0.0043455149981368605,inf,3.656529016992489e-05,5.894112488039305e-07,0.9999628452985813,biomass_05,PFT05,HeartBE,pft,XGBRegressor
biomass,5,6,0.9999744428651456,2.9261003449766125,1.000726663815656,1.9058266110714862e-08,0.0006957663790768828,0.005055406497450885,inf,0.0015238365567112255,0.021377292112906107,0.9770988713303828,biomass_05,PFT06,HeartBE,pft,XGBRegressor
biomass,5,7,0.9998868805349707,4.871783574980817,1.0005048112521604,8.435456005169874e-08,0.0021388289862534146,0.010635763490663377,0.12731902845654786,0.0008238512764372175,0.0027838562303171797,0.9963922924932456,biomass_05,PFT07,HeartBE,pft,XGBRegressor
biomass,5,8,0.9999962485358564,0.8535992263656007,1.0000823932125764,2.7975124113224376e-09,0.0003627527791478837,0.001936869676458225,0.00513085632888527,0.0029019745797273333,0.0018925249309142522,0.9952055004893585,biomass_05,PFT08,HeartBE,pft,BaggingRegressor
biomass,5,9,0.9999628355272485,0.20829843858221497,0.9997671377436066,2.7713999068932854e-08,0.000894832913900841,0.006096267116148944,inf,0.0005870211976904152,0.0012358696763015188,0.9981771091260081,biomass_05,PFT09,HeartBE,pft,XGBRegressor
biomass,5,10,1.0,0.0,1.0,,,,,,,,biomass_05,PFT10,HeartBE,pft,NoneType
biomass,5,11,1.0,0.0,1.0,,,,,,,,biomass_05,PFT11,HeartBE,pft,NoneType
biomass,5,12,1.0,0.0,1.0,,,,,,,,biomass_05,PFT12,HeartBE,pft,NoneType
biomass,5,13,1.0,0.0,1.0,,,,,,,,biomass_05,PFT13,HeartBE,pft,NoneType
biomass,5,14,1.0,0.0,1.0,,,,,,,,biomass_05,PFT14,HeartBE,pft,NoneType
biomass,5,15,1.0,0.0,1.0,,,,,,,,biomass_05,PFT15,HeartBE,pft,NoneType
biomass,6,2,0.9999999819390011,0.008530200218369087,0.999992506730403,1.3468306387880905e-11,2.6442245112677614e-05,0.0001343912157328309,inf,7.617192496703252e-05,0.0031013934936999174,0.9968224345813331,biomass_06,PFT02,Root,pft,BaggingRegressor
biomass,6,3,0.9978459715664574,1.0689412972844865,1.0062385307490476,1.6062851853412326e-06,0.0068152910514615635,0.046411511864435026,inf,0.0029804345468089715,0.024643494753031646,0.9723760707001593,biomass_06,PFT03,Root,pft,XGBRegressor
biomass,6,4,0.9999973346636958,0.09536578366458928,0.999628673273843,1.9875736795183905e-09,0.0002708013039088348,0.0016325857723973223,inf,0.0008926399985535599,0.051380817315333165,0.9477265426861132,biomass_06,PFT04,Root,pft,XGBRegressor
biomass,6,5,0.9999839919575695,0.22564918304547193,1.0000287636868135,1.1937391819911937e-08,0.0005543244748176384,0.004001005177515009,inf,5.8806643481068274e-05,8.444380671919975e-05,0.9998567495497998,biomass_06,PFT05,Root,pft,XGBRegressor
biomass,6,6,0.9998855622173912,0.13476756853544405,1.0001623563015574,8.533764549496922e-08,0.0010418767635622858,0.010697559656704596,inf,0.0004655295566330278,0.0004211108216572366,0.9991133596217098,biomass_06,PFT06,Root,pft,XGBRegressor
biomass,6,7,0.9999959141942443,0.19822300490350156,0.9999668246277873,3.04683501541513e-09,0.0005414699877731065,0.0020213376154595473,0.007873319271600118,6.533008880381176e-05,0.00023722839286857014,0.9996974415183276,biomass_06,PFT07,Root,pft,BaggingRegressor
biomass,6,8,1.0,3.298562643489733e-14,1.0000000000000773,4.44467641078187e-30,2.1074539049660916e-15,7.720305089087145e-14,inf,0.0007457121551081283,1.0026397705078125,-0.0033854826629206025,biomass_06,PFT08,Root,pft,BaggingRegressor
biomass,6,9,1.0,0.0,1.0,,,,,,,,biomass_06,PFT09,Root,pft,NoneType
biomass,6,10,0.9998193865795678,0.06512852900237802,0.9997253638502174,1.346856229919331e-07,0.001231121803598202,0.013439249251062439,inf,0.0016782831989683481,0.00018846616791161588,0.9981332506331199,biomass_06,PFT10,Root,pft,XGBRegressor
biomass,6,11,0.9997247507642654,0.31027216045442507,0.9995406132697452,2.0525670077151376e-07,0.0028289637912546415,0.0165906369900194,inf,3.567160329902539e-06,0.00037625717099821685,0.9996201756686719,biomass_06,PFT11,Root,pft,XGBRegressor
biomass,6,12,0.9997912063892921,0.08910504232065719,1.000064544848545,1.556999334138004e-07,0.0016115932333524204,0.014449692408764498,inf,0.00025932269401703344,0.00013662926394442367,0.9996040480420384,biomass_06,PFT12,Root,pft,XGBRegressor
biomass,6,13,0.9999999995434634,6.936823546990828e-05,0.9999991087313385,3.404449008151566e-13,1.2266167713304811e-06,2.1366717389274496e-05,inf,0.00047225294510712433,0.0017390804751754938,0.9977886665797175,biomass_06,PFT13,Root,pft,XGBRegressor
biomass,6,14,0.9999936937182681,0.005166663037496791,1.00012442573437,4.702670941016515e-09,0.00010076492514826911,0.002511231118774842,inf,0.0009736579221352578,0.0025805237876587125,0.9964458182902061,biomass_06,PFT14,Root,pft,XGBRegressor
biomass,6,15,0.9971693799647695,0.036925577399157763,1.0006070571302084,2.1108277667640092e-06,0.0028654827316939267,0.053203571639792537,3.7024486100668597,6.226336149991221e-05,0.0014418618243675482,0.9984958748141326,biomass_06,PFT15,Root,pft,XGBRegressor
biomass,7,2,0.9999672954568735,0.028332272063883206,1.0001704170344419,2.4388175336703788e-08,0.0010558180204861417,0.00571878860655994,inf,2.7518412590981257e-05,0.00106639900085764,0.9989060825865513,biomass_07,PFT02,Fruit,pft,XGBRegressor
biomass,7,3,0.9998010585611674,0.06167867318081992,0.998873834668405,1.4835304909215866e-07,0.002158353944387321,0.014104660181393409,inf,1.3389376534248784e-05,0.0053040141032517875,0.994682596520214,biomass_07,PFT03,Fruit,pft,BaggingRegressor
biomass,7,4,0.9999792359482452,0.007932805510347954,1.000379153224921,1.5484005782849985e-08,0.000591340233050325,0.004556758909005592,inf,0.000653473495394198,0.007304612442869269,0.9920419140617366,biomass_07,PFT04,Fruit,pft,XGBRegressor
biomass,7,5,0.9999850047703998,0.011310460260471807,1.0001156079145177,1.118212498157856e-08,0.0005469457700841125,0.003872367441281476,inf,7.804566698870762e-06,0.0010105274792507654,0.9989816679540503,biomass_07,PFT05,Fruit,pft,XGBRegressor
biomass,7,6,0.9999934255116784,0.00668294579427566,0.9997547763636458,4.902675855083809e-09,0.00020182434529856827,0.0025640765046439987,inf,0.000755518270767753,0.00890542089051087,0.9903390608387215,biomass_07,PFT06,Fruit,pft,BaggingRegressor
biomass,7,7,0.9999987608712771,0.0018635292997177236,1.000005112367292,9.240333503824981e-10,0.00018094134981416234,0.0011131615888373666,0.006724553889436854,0.0001885341634182931,2.6513398083990995e-05,0.9997849524384976,biomass_07,PFT07,Fruit,pft,BaggingRegressor
biomass,7,8,1.0,7.154970439922583e-16,0.9999999999999711,6.270364090009194e-31,7.915610022790611e-16,2.899751410845821e-14,inf,0.0007457121551081283,0.997790250309717,0.001464037535174757,biomass_07,PFT08,Fruit,pft,BaggingRegressor
biomass,7,9,1.0,0.0,1.0,,,,,,,,biomass_07,PFT09,Fruit,pft,NoneType
biomass,7,10,0.9997622675443929,0.02676046517457757,1.0000654368423902,1.772799818099151e-07,0.0010379959382931828,0.01541857501869405,inf,0.00010852265131310842,0.00014283539570433387,0.9997486419529826,biomass_07,PFT10,Fruit,pft,XGBRegressor
biomass,7,11,0.9999988882685152,0.009932503124757573,0.9998403447817534,8.290316813915882e-10,0.00017599973896062157,0.0010543867813786931,inf,0.0008071715896280293,0.022772382665338136,0.9764204457450338,biomass_07,PFT11,Fruit,pft,BaggingRegressor
biomass,7,12,0.9998605560585877,0.03839557757645346,0.999840000679004,1.0398504206734416e-07,0.0012714120290548722,0.011808638423303024,inf,8.030631733696022e-05,5.845895383234619e-05,0.9998612347288307,biomass_07,PFT12,Fruit,pft,XGBRegressor
biomass,7,13,0.9999999999823296,1.1145805061489064e-05,0.9999995529440783,1.3177063496982893e-14,2.3222192986439334e-07,4.203622503205309e-06,inf,0.0002667220147675557,0.011309914764849542,0.9884233632203829,biomass_07,PFT13,Fruit,pft,XGBRegressor
biomass,7,14,0.9999626053337044,0.004384900399113468,0.9999813091128088,2.7885657192822487e-08,0.000341111596687958,0.006115117848052886,inf,0.0004921916154688478,2.0322345329998744e-13,0.999507808384328,biomass_07,PFT14,Fruit,pft,BaggingRegressor
biomass,7,15,0.999994172174632,0.0004202138631116675,0.9999324712311691,4.345880214727258e-09,0.00017723668192358064,0.0024140889312428515,0.1443094118029604,0.0023641467215876027,0.0007166034587191698,0.9969192498196933,biomass_07,PFT15,Fruit,pft,BaggingRegressor
biomass,8,2,0.8913990458016597,4.938063900283903e-15,0.9431341554268781,8.098505160204342e-05,0.057612586251669,0.3295465888130846,inf,0.0023973220148454004,6.708601362651879e-05,0.9975355919715281,biomass_08,PFT02,Labile,pft,RidgeCV
biomass,8,3,0.9997351689039392,1.024503042280986,1.0003954942504172,1.974877673831677e-07,0.0026587892092983217,0.016273631925935523,inf,0.0010872756366508212,0.0010511977868883616,0.9978615265764607,biomass_08,PFT03,Labile,pft,XGBRegressor
biomass,8,4,0.7384963809390641,8.605768229364514e-10,0.8882433437533291,0.0001950064273385055,0.08606357662674838,0.5113742455980119,inf,0.008513198075958076,0.001201413059702739,0.9902853888643391,biomass_08,PFT04,Labile,pft,RidgeCV
biomass,8,5,0.9112296740012275,4.1128021915114777e-10,0.9851792339551143,6.619711111019575e-05,0.04113083909589607,0.29794349464080017,inf,0.004384879701727165,0.009441703908845538,0.9861734163894273,biomass_08,PFT05,Labile,pft,RidgeCV
biomass,8,6,0.9999865908716927,0.3829506383005411,1.000097589134664,9.999349968122922e-09,0.0007924631995694069,0.003661847663031989,inf,0.0007394385775318068,0.000811015241449525,0.9984495461810187,biomass_08,PFT06,Labile,pft,XGBRegressor
biomass,8,7,0.9895494741689554,4.512072896873182e-10,1.0066019391064573,7.79308413948141e-06,0.04512227402536805,0.10222781339266025,0.045944851020277476,0.0015083085889982097,0.013211701085183452,0.9852799903258184,biomass_08,PFT07,Labile,pft,RidgeCV
biomass,8,8,0.9999992259522807,0.037161878517428346,1.0000054480487546,5.772167928495656e-10,0.000141093285042936,0.0008797998176922222,0.0009328347829425324,0.00016883165997906246,4.398580401626188e-05,0.9997871825360046,biomass_08,PFT08,Labile,pft,BaggingRegressor
biomass,8,9,0.9999827988644617,0.03528987828445237,1.0000471388950058,1.2827095852510984e-08,0.0008693359254506064,0.004147425169694715,inf,0.00010468656218233684,0.00018060518021179137,0.9997147082576059,biomass_08,PFT09,Labile,pft,XGBRegressor
biomass,8,10,0.999933386225136,0.4585925844487195,0.9994357005209448,4.9674701613731374e-08,0.002362216201826267,0.008161726218393617,inf,0.0012197313819046856,0.004235552287577611,0.9945447163305177,biomass_08,PFT10,Labile,pft,XGBRegressor
biomass,8,11,0.9999989916762398,0.04661336450528593,1.0000527090492253,7.519192842704322e-10,0.00029920935389980414,0.001004153255338372,inf,0.00035465316954768884,0.0028081021682206486,0.9968372446622317,biomass_08,PFT11,Labile,pft,XGBRegressor
biomass,8,12,0.9999966910555649,0.20354265789848527,1.0000801102437644,2.46752008584898e-09,0.0005271197068123124,0.0018190504212702526,inf,0.00023376044194202742,0.0020202391105812864,0.9977460004474767,biomass_08,PFT12,Labile,pft,XGBRegressor
biomass,8,13,0.9999999999899395,0.0001362164974326899,1.000000889893323,7.50225159915864e-15,3.5251103741772613e-07,3.171832182583394e-06,inf,0.00100655658522289,0.07871545497582012,0.9202779884389569,biomass_08,PFT13,Labile,pft,XGBRegressor
biomass,8,14,0.9999969658143862,0.02472323311990907,0.9999347918576974,2.262629093049877e-09,0.00012837857761251,0.0017418913897771827,inf,0.0005045754548252334,0.0013370657592718202,0.9981583587859031,biomass_08,PFT14,Labile,pft,XGBRegressor
biomass,8,15,0.9997189154682454,0.8635725444046168,1.0007773168977987,2.0960815194223876e-07,0.005605392925875109,0.01676557579549662,0.014703534159468932,0.000561575939675788,0.0029939334674042115,0.99644449059292,biomass_08,PFT15,Labile,pft,XGBRegressor
litter,1,2,0.9999639290655982,0.06824277463546638,1.000634337399643,2.6898534229541417e-08,0.0010072052673550176,0.006005908291159219,inf,0.000765082757351921,0.011790516689914045,0.9874444005527341,litter_02_ab,PFT02,StructuralAB,met.or.str,BaggingRegressor
litter,1,3,0.999871002384977,0.15942004197885035,1.001199413848753,9.619508950261523e-08,0.0011416201150743447,0.01135771169835751,inf,0.001394534327887155,0.012366371180352085,0.9862390944917608,litter_03_ab,PFT03,StructuralAB,met.or.str,XGBRegressor
litter,1,4,0.9999973759774916,0.01656500436432261,0.9997390965989497,1.9567654797797245e-09,0.00018742619879641193,0.0016198834860521947,inf,0.0015629509878456994,0.0256881385140109,0.9727489104981435,litter_04_ab,PFT04,StructuralAB,met.or.str,XGBRegressor
litter,1,5,0.9999841705351306,0.04520996946379191,1.0001752811040898,1.180422436197468e-08,0.0004191249588224228,0.0039786260027059655,inf,0.0008664632624305243,0.0021195950785602,0.9970139416590093,litter_05_ab,PFT05,StructuralAB,met.or.str,XGBRegressor
litter,1,6,0.9999417954793194,0.2638569730691072,0.9997572214771239,4.340381855378465e-08,0.0014713774204430112,0.007629188730174738,inf,3.630135642438292e-05,0.0007846083912365822,0.9991790902523391,litter_06_ab,PFT06,StructuralAB,met.or.str,XGBRegressor
litter,1,7,0.9999978658449458,0.02841069441854565,0.9998842467268184,1.5914653648109477e-09,0.0003443916642027311,0.0014608747565111393,0.007632364515622212,0.00037243850970499593,0.006163808621353519,0.9934637528689415,litter_07_ab,PFT07,StructuralAB,met.or.str,BaggingRegressor
litter,1,8,0.9999953436642626,0.06722810983340571,0.9999512959231522,3.472286157684139e-09,0.0005661668954275278,0.002157854429162086,0.0016801555857177079,0.0003424314284974174,0.0004619294555239337,0.9991956391159786,litter_08_ab,PFT08,StructuralAB,met.or.str,BaggingRegressor
litter,1,9,0.9999962868793921,0.01912443957525272,1.0000299371511903,2.7689191706700314e-09,0.00041942839525844794,0.001926945927593328,inf,0.00010537385818391068,0.0002722226454810731,0.999622403496335,litter_09_ab,PFT09,StructuralAB,met.or.str,BaggingRegressor
litter,1,10,0.9999988950257251,0.03324932780395821,1.0000458476641996,8.239927478110314e-10,0.00020136582802080224,0.001051177565787338,inf,0.0005861088105844705,0.0019483205651386636,0.9974655706242768,litter_10_ab,PFT10,StructuralAB,met.or.str,BaggingRegressor
litter,1,11,0.9999611255502066,0.20395546945784493,0.9998022345624809,2.898914973410479e-08,0.0009104520908552529,0.0062349378339671135,inf,1.7948015980775336e-06,0.0008181887152410176,0.9991800164831609,litter_11_ab,PFT11,StructuralAB,met.or.str,BaggingRegressor
litter,1,12,0.9998454572617037,0.45050315849916517,1.0004658543865061,1.1524439843122029e-07,0.0028425192827790297,0.012431521962184132,inf,6.476243687719981e-05,0.0019076926723834396,0.9980275448907393,litter_12_ab,PFT12,StructuralAB,met.or.str,XGBRegressor
litter,1,13,0.9999941316118709,0.05074536777698817,0.9999759276381892,4.37612835880185e-09,0.00024669627709182737,0.0024224756199295963,inf,1.2041804610333772e-08,7.614213174675821e-05,0.9999238458264487,litter_13_ab,PFT13,StructuralAB,met.or.str,XGBRegressor
litter,1,14,0.9999982300237472,0.004306582527116721,0.9999117986888301,1.3198928059920088e-09,6.144980059806347e-05,0.0013304045448040546,inf,0.0007183271887562105,0.004307920556390442,0.9949737522548534,litter_14_ab,PFT14,StructuralAB,met.or.str,BaggingRegressor
litter,1,15,0.9999961565132792,0.06559932951497006,0.9999981327143059,2.8661347657125755e-09,0.0006427478798848324,0.0019604812472504203,0.00098155802429528,0.0003156473198017095,7.545071264563327e-10,0.9996843519256912,litter_15_ab,PFT15,StructuralAB,met.or.str,BaggingRegressor
litter,2,2,0.9999906387989121,0.010784290529246274,1.0005245520591715,6.980761437613713e-09,0.0004642222530501089,0.0030596079957798494,inf,0.002724322000697981,0.029902742827406625,0.9673729351718954,litter_02_be,PFT02,StructuralBE,met.or.str,XGBRegressor
litter,2,3,0.999994744084917,0.013559103574883316,0.9998737678742871,3.919399763615378e-09,0.00018036612161626835,0.0022925782610432786,inf,0.0006162875387728107,0.0029072538867842557,0.9964764585744429,litter_03_be,PFT03,StructuralBE,met.or.str,BaggingRegressor
litter,2,4,0.9999865627622055,0.01790197375666982,1.0003607116090258,1.0020311554379573e-08,0.0005126752158279594,0.003665683809935468,inf,0.00022454551429571738,0.010043305350561423,0.9897321491351428,litter_04_be,PFT04,StructuralBE,met.or.str,XGBRegressor
litter,2,5,0.9999960428781945,0.013555219488475751,1.00011865855161,2.950873829575265e-09,0.0001688176925357416,0.0019892515691738014,inf,4.723756532755461e-07,0.003677308407230424,0.9963222192171163,litter_05_be,PFT05,StructuralBE,met.or.str,XGBRegressor
litter,2,6,0.9999505547926103,0.1385860693761265,0.9990717453208826,3.6871892162318306e-08,0.0012056751538389605,0.007031728620308726,inf,0.000811263644518197,0.016526272177234524,0.9826624641782473,litter_06_be,PFT06,StructuralBE,met.or.str,XGBRegressor
litter,2,7,0.9999943624915463,0.0257678858655058,0.9997040022263288,4.20395857842935e-09,0.0006164939161225843,0.0023743437943300793,0.008109132791075198,0.0014828913178113368,0.015251701935276696,0.983265406746912,litter_07_be,PFT07,StructuralBE,met.or.str,BaggingRegressor
litter,2,8,0.9999792789541718,0.08259999357447097,1.0001445965708358,1.5451935740655926e-08,0.0011955733539234692,0.004552037546881572,0.003097620800957686,0.0017525240653752567,0.0011583563660310747,0.9970891195685936,litter_08_be,PFT08,StructuralBE,met.or.str,BaggingRegressor
litter,2,9,0.9999977675459416,0.01125753570061751,1.0000072159417899,1.6647681270839896e-09,0.00034712137155051663,0.0014941399059056116,inf,9.383519126151856e-05,3.109704017654069e-05,0.9998750677685619,litter_09_be,PFT09,StructuralBE,met.or.str,BaggingRegressor
litter,2,10,0.9999985296245611,0.016752593502734888,0.9999534709466427,1.0964768373135528e-09,0.00022033402578375594,0.0012125903837807202,inf,0.0005444918711756183,0.0014263097567082516,0.9980291983721161,litter_10_be,PFT10,StructuralBE,met.or.str,BaggingRegressor
litter,2,11,0.9999956523031118,0.019728894077290584,1.0000881552982817,3.242130416203884e-09,0.00026145616656447497,0.002085113159550198,inf,0.0021923761799345146,0.001876339853962274,0.9959312839661032,litter_11_be,PFT11,StructuralBE,met.or.str,BaggingRegressor
litter,2,12,0.9999307330996684,0.08748796653357244,0.9997049116242493,5.1653169523975736e-08,0.0019433962683012502,0.00832267386911511,inf,0.00020684904830818075,0.0009796623692652408,0.9988134885824267,litter_12_be,PFT12,StructuralBE,met.or.str,XGBRegressor
litter,2,13,0.99998283213558,0.016653596219265657,0.9996033969140334,1.2802285175193253e-08,0.00042489381932774055,0.004143412171137956,inf,9.894602384852126e-05,0.008773250276250222,0.9911278036999012,litter_13_be,PFT13,StructuralBE,met.or.str,XGBRegressor
litter,2,14,0.999770230308071,0.014281832687201932,0.9986489188622326,1.713420521469451e-07,0.0006675391384316252,0.015158155954107787,inf,0.0017317118083581406,0.0066613056977899154,0.9916069824938519,litter_14_be,PFT14,StructuralBE,met.or.str,XGBRegressor
litter,2,15,0.9999546324775754,0.10990531882322137,0.9995273927741712,3.383111291911177e-08,0.0018941246091736148,0.006735541732075371,0.0033543917084749154,0.000783123163100794,0.004464388600316093,0.9947524882365831,litter_15_be,PFT15,StructuralBE,met.or.str,BaggingRegressor
litter,3,2,0.9999998651359071,0.09486514258522939,1.0000247490427747,1.0056979339949007e-10,5.980879327968548e-05,0.00036723846877569376,inf,0.0007320264505099139,0.004566372530237635,0.9947016010192524,litter_02_ab,PFT02,WoodyAB,met.or.str,BaggingRegressor
litter,3,3,0.9999998413144233,0.0941036020449816,0.9999780670126652,1.183337633821271e-10,6.992400509966996e-05,0.00039835358250608525,inf,6.134206468497798e-05,0.0030096776267425065,0.9969289803085726,litter_03_ab,PFT03,WoodyAB,met.or.str,BaggingRegressor
litter,3,4,0.9999997064906818,0.09820126539939114,1.0000386506948562,2.1887346618672975e-10,5.7019916462574996e-05,0.0005417650027054208,inf,0.0005511235619221129,0.005128209987510201,0.9943206664505677,litter_04_ab,PFT04,WoodyAB,met.or.str,BaggingRegressor
litter,3,5,0.9999999601030555,0.049294860219201216,0.999996440283416,2.975163644685275e-11,2.4384455209849414e-05,0.00019974219502956695,inf,4.7168041425197765e-05,0.0003140593717500593,0.9996387725868245,litter_05_ab,PFT05,WoodyAB,met.or.str,BaggingRegressor
litter,3,6,0.9997278617666765,5.999306710175626,0.9996119818134187,2.0293678845900145e-07,0.002812080504421699,0.016496612783341948,inf,5.860595737879647e-06,0.00023331794797522138,0.999760821456287,litter_06_ab,PFT06,WoodyAB,met.or.str,XGBRegressor
litter,3,7,0.9999547128963825,2.145527886200633,1.00051679205022,3.377114363719175e-08,0.0015739729108006516,0.006729569348589414,0.04161294814602313,0.0011286993358766606,0.006421394390518947,0.9924499062736045,litter_07_ab,PFT07,WoodyAB,met.or.str,XGBRegressor
litter,3,8,0.9998778031328486,3.517465135186815,0.9998523746886896,9.112368915092193e-08,0.003168979438661254,0.011054269182147969,0.008289306472542213,0.00039225091374855216,6.130842089326988e-05,0.9995464406653581,litter_08_ab,PFT08,WoodyAB,met.or.str,XGBRegressor
litter,3,9,0.9998964307284489,1.0323870363431842,1.0004798501388705,7.723286469135971e-08,0.002358454084377657,0.010176898916227545,inf,0.0002482590777480596,0.0027273699229366823,0.9970243709993153,litter_09_ab,PFT09,WoodyAB,met.or.str,XGBRegressor
litter,3,10,0.99994018669832,2.2140699143663456,1.0004002792156423,4.460350609994761e-08,0.0013491645583242242,0.007733905978225346,inf,0.0008233944666946802,0.0030922743738099894,0.9960843311594954,litter_10_ab,PFT10,WoodyAB,met.or.str,XGBRegressor
litter,3,11,0.9999998555476316,0.21450091910092015,0.9999712221934911,1.0771988693462762e-10,7.725705873966921e-05,0.0003800688995160426,inf,0.0002985001919138412,0.005704546372986353,0.9939969534350999,litter_11_ab,PFT11,WoodyAB,met.or.str,BaggingRegressor
litter,3,12,0.9999007970960684,4.01525099983759,0.9998794434128574,7.397681128379244e-08,0.0022846142876089422,0.00996006545819683,inf,0.00010778186663385123,5.076209520235514e-05,0.9998414560381639,litter_12_ab,PFT12,WoodyAB,met.or.str,XGBRegressor
litter,3,13,0.9999958237997578,0.37257809978531825,1.000529772103308,3.1142432827944667e-09,0.00017207919287873856,0.002043575357609154,inf,0.0010259046978543201,0.06769853756225154,0.931275557739894,litter_13_ab,PFT13,WoodyAB,met.or.str,XGBRegressor
litter,3,14,0.999971524122058,0.26305330910834224,1.0008355517723106,2.1234808308670816e-08,0.0003558187254223036,0.005336279410031635,inf,0.002409652898094529,0.02533622675459098,0.9722541203473144,litter_14_ab,PFT14,WoodyAB,met.or.str,XGBRegressor
litter,3,15,0.9999830097133221,1.1894090362610499,1.0000175253835792,1.2669863294453987e-08,0.0011978423081597757,0.004121927543985071,0.0021136405358944447,0.002372398836731372,3.978754657985831e-05,0.9975878136166887,litter_15_ab,PFT15,WoodyAB,met.or.str,BaggingRegressor
litter,4,2,0.9999510156855065,0.5149704716917197,0.9995023704616478,3.6528198727455915e-08,0.001055186407748337,0.006998879517002589,inf,0.0016578379071162986,0.004572962058628407,0.9937692000342553,litter_02_be,PFT02,WoodyBE,met.or.str,XGBRegressor
litter,4,3,0.9999852599997902,0.28767080750539714,1.000351217775877,1.0991797322770585e-08,0.0006031650947339398,0.0038392707914179946,inf,0.001518600732764155,0.008719883350124049,0.9897615159171118,litter_03_be,PFT03,WoodyBE,met.or.str,BaggingRegressor
litter,4,4,0.9999927918543725,0.2104340578639382,1.000212808177719,5.375201810181933e-09,0.0003465051627780585,0.002684798992001817,inf,0.0008660144715147017,0.006495814785028064,0.9926381707434573,litter_04_be,PFT04,WoodyBE,met.or.str,XGBRegressor
litter,4,5,0.9999954096390955,0.24001446522313538,1.000091414318184,3.4230879228111574e-09,0.0001866030050259545,0.002142512754802118,inf,5.990375558169177e-05,0.0019128390434942648,0.998027257200924,litter_05_be,PFT05,WoodyBE,met.or.str,XGBRegressor
litter,4,6,0.9998995045216651,1.5384254195547722,1.0006231780258066,7.49406997277409e-08,0.00147685226890768,0.010024743305187447,inf,0.0005022529526110946,0.004509289069634436,0.9949884579777544,litter_06_be,PFT06,WoodyBE,met.or.str,XGBRegressor
litter,4,7,0.9999954820922483,0.3499006334070652,0.999922808795024,3.3690587260545973e-09,0.000579596155891978,0.002125537050168549,0.00823271538989803,1.4713690401141876e-06,0.0012428902566784276,0.9987556383742815,litter_07_be,PFT07,WoodyBE,met.or.str,BaggingRegressor
litter,4,8,0.9998867841196717,1.8190275463868635,0.9999683602596947,8.442645811205036e-08,0.0029236107057450693,0.010640295124114723,0.006731154979322039,6.851131599551562e-09,5.506254231687179e-06,0.9999944868946368,litter_08_be,PFT08,WoodyBE,met.or.str,XGBRegressor
litter,4,9,0.9999974232876259,0.11826251652879743,1.0000849839577155,1.9214857376290226e-09,0.00040532500562917963,0.0016052141209696978,inf,0.0008469984325060924,0.0028882082107752442,0.9962647933567186,litter_09_be,PFT09,WoodyBE,met.or.str,BaggingRegressor
litter,4,10,0.999921684896253,0.8209029520752896,0.9993280592492965,5.840052479266061e-08,0.0016367436435553967,0.008849582122730874,inf,0.00044640357189787314,0.005116385949531135,0.9944372104785709,litter_10_be,PFT10,WoodyBE,met.or.str,XGBRegressor
litter,4,11,0.999871315362958,0.8785295842407048,0.9997517062072571,9.596169801787826e-08,0.0019511218763224134,0.011343925116200951,inf,0.00014985667578346388,0.00026302999404868464,0.9995871133301678,litter_11_be,PFT11,WoodyBE,met.or.str,XGBRegressor
litter,4,12,0.9999991703259798,0.0726579239980254,1.0001031325065757,6.186980015729654e-10,0.00021612978616893298,0.0009108644356375688,inf,0.002454405150104478,0.01292161883138275,0.9846239760185128,litter_12_be,PFT12,WoodyBE,met.or.str,BaggingRegressor
litter,4,13,0.9999996126474893,0.013300649995079848,0.9998686993905115,2.8885347554623095e-10,6.483992286592744e-05,0.0006223765023741622,inf,0.0004939712065916175,0.04438155563396283,0.9551244731594456,litter_13_be,PFT13,WoodyBE,met.or.str,BaggingRegressor
litter,4,14,0.9999961384746818,0.018578571219901793,1.0002876657872173,2.879586367033818e-09,0.00017801763007488255,0.001965076415357009,inf,0.00033925076499808184,0.02171201714798922,0.9779487320870126,litter_14_be,PFT14,WoodyBE,met.or.str,XGBRegressor
litter,4,15,0.9999818367281079,0.5336232339817967,1.0000576990342471,1.354457262642597e-08,0.0009827711883659389,0.004261839026997292,0.0023014825486086803,0.003000082393478823,0.00024531495670542577,0.9967546026498156,litter_15_be,PFT15,WoodyBE,met.or.str,BaggingRegressor
